{"id":242,"word":"oversight","meaning":"an inadvertent omission or error","example":"The fact that you didn't get an invitation is surely just an oversight.","proficiency":1.0,"tags":"","configs":"","imagePath":"/data/user/0/edu.language.vocabulary_notebook/app_flutter/images/image_picker1968202459853076002.jpg","lastUpdated":1635697358780,"created":1634271061511,"key":"1258_1634271061511_0","pronun":"ˈō-vər-ˌsīt","type":"noun","defSound":"","termSound":"/data/user/0/edu.language.vocabulary_notebook/files/sounds/ˈō-vər-ˌsīt_term.aac","exampleSound":"/data/user/0/edu.language.vocabulary_notebook/files/sounds/The-fact-that-you-didnt-get-an-invitation-is-surely-just-an-oversight.aac"}<<<>>>{"id":241,"word":"intact","meaning":"untouched especially by anything that harms or diminishes : entire, uninjured","example":"After 25 years, their friendship remained intact.","proficiency":1.0,"tags":"","configs":"","imagePath":"/data/user/0/edu.language.vocabulary_notebook/app_flutter/images/image_picker1157126996423094916.jpg","lastUpdated":1635697358780,"created":1634216964947,"key":"1257_1634216964947_0","pronun":"in-ˈtakt","type":"adjective","defSound":"","termSound":"/data/user/0/edu.language.vocabulary_notebook/files/sounds/in-ˈtakt_term.aac","exampleSound":"/data/user/0/edu.language.vocabulary_notebook/files/sounds/After-25-years-their-friendship-remained-intact.aac"}<<<>>>{"id":240,"word":"pawnbroker","meaning":"one who lends money in exchange for personal property that can be sold if the loan is not repaid by a certain time","example":"He was desperate for money so he hocked his watch to a pawnbroker.","proficiency":1.0,"tags":"","configs":"","imagePath":"/data/user/0/edu.language.vocabulary_notebook/app_flutter/images/image_picker2227687963168638763.jpg","lastUpdated":1635697358780,"created":1634141481940,"key":"1256_1634141481940_0","pronun":"ˈpȯn-ˌbrō-kər","type":"noun","defSound":"","termSound":"/data/user/0/edu.language.vocabulary_notebook/files/sounds/ˈpȯn-ˌbrō-kər_term.aac","exampleSound":"/data/user/0/edu.language.vocabulary_notebook/files/sounds/He-was-desperate-for-money-so-he-hocked-his-watch-to-a-pawnbroker.aac"}<<<>>>{"id":239,"word":"bring up","meaning":"to bring to attention : introduce","example":"I hate to bring this up, but we're running short of money.","proficiency":1.0,"tags":"","configs":"","imagePath":"/data/user/0/edu.language.vocabulary_notebook/app_flutter/images/image_picker3813909004662750672.jpg","lastUpdated":1635697358780,"created":1633914833038,"key":"1255_1633914833038_1","pronun":"","type":"verb","defSound":"","termSound":"/data/user/0/edu.language.vocabulary_notebook/files/sounds/1633914792080_term.aac","exampleSound":"/data/user/0/edu.language.vocabulary_notebook/files/sounds/I-hate-to-bring-this-up-but-were-running-short-of-money.aac"}<<<>>>{"id":238,"word":"vital","meaning":"of the utmost importance","example":"The sciences are a vital part of the school curriculum.","proficiency":1.0,"tags":"","configs":"","imagePath":"/data/user/0/edu.language.vocabulary_notebook/app_flutter/images/image_picker3691693871664416957.jpg","lastUpdated":1635697358780,"created":1633914712028,"key":"1254_1633914712028_0","pronun":"ˈvī-tᵊl","type":"adjective","defSound":"","termSound":"/data/user/0/edu.language.vocabulary_notebook/files/sounds/ˈvī-tᵊl_term.aac","exampleSound":"/data/user/0/edu.language.vocabulary_notebook/files/sounds/The-sciences-are-a-vital-part-of-the-school-curriculum.aac"}<<<>>>{"id":232,"word":"reimburse","meaning":"to compensate for an expense or loss","example":"make sure you keep your receipts so we can reimburse you for your expenses","proficiency":1.0,"tags":"","configs":"","imagePath":"/data/user/0/edu.language.vocabulary_notebook/app_flutter/images/image_picker5379568104214467174.jpg","lastUpdated":1635697358780,"created":1633221933036,"key":"1248_1633221933036_4","pronun":"ˌrē-əm-ˈbərs","type":"verb","defSound":"","termSound":"/data/user/0/edu.language.vocabulary_notebook/files/sounds/ˌrē-əm-ˈbərs_term.aac","exampleSound":"/data/user/0/edu.language.vocabulary_notebook/files/sounds/make-sure-you-keep-your-receipts-so-we-can-reimburse-you-for-your-expenses.aac"}<<<>>>{"id":230,"word":"blackout","meaning":"a sudden loss of electricity in a town or city","example":"She keeps flashlights and candles handy in case of a blackout.","proficiency":1.0,"tags":"","configs":"","imagePath":"/data/user/0/edu.language.vocabulary_notebook/app_flutter/images/image_picker4941420469602684089.jpg","lastUpdated":1635697358780,"created":1633220637692,"key":"1246_1633220637692_2","pronun":"ˈblak-ˌau̇t","type":"noun","defSound":"","termSound":"/data/user/0/edu.language.vocabulary_notebook/files/sounds/ˈblak-ˌau̇t_term.aac","exampleSound":"/data/user/0/edu.language.vocabulary_notebook/files/sounds/She-keeps-flashlights-and-candles-handy-in-case-of-a-blackout..aac"}<<<>>>{"id":225,"word":"impersonate","meaning":"to pretend to be (another person)","example":"He was arrested for impersonating a police officer.","proficiency":1.0,"tags":"","configs":"","imagePath":"/data/user/0/edu.language.vocabulary_notebook/app_flutter/images/image_picker5337725858831521240.jpg","lastUpdated":1635697358781,"created":1633046459339,"key":"805_1633046459339_1","pronun":"im-ˈpər-sə-ˌnāt","type":"verb","defSound":"","termSound":"/data/user/0/edu.language.vocabulary_notebook/files/sounds/im-ˈpər-sə-ˌnāt_term.aac","exampleSound":"/data/user/0/edu.language.vocabulary_notebook/files/sounds/He-waficer50.aac"}<<<>>>{"id":219,"word":"invade","meaning":"to enter for conquest or plunder","example":"Weeds had invaded the garden.","proficiency":1.0,"tags":"","configs":"","imagePath":"/data/user/0/edu.language.vocabulary_notebook/app_flutter/images/image_picker5329052957689093211.jpg","lastUpdated":1635697358781,"created":1632702773474,"key":"797_1632702773474_2","pronun":"in-ˈvād","type":"verb","defSound":"","termSound":"/data/user/0/edu.language.vocabulary_notebook/files/sounds/in-ˈvād_term.aac","exampleSound":"/data/user/0/edu.language.vocabulary_notebook/files/sounds/Weeds-had-invaded-the-garden..aac"}<<<>>>{"id":218,"word":"incident","meaning":"an unexpected and usually unpleasant thing that happens","example":"We just want to put that embarrassing incident behind us.","proficiency":1.0,"tags":"","configs":"","imagePath":"/data/user/0/edu.language.vocabulary_notebook/app_flutter/images/image_picker7816555383055502035.jpg","lastUpdated":1635697358781,"created":1632702229718,"key":"796_1632702229718_1","pronun":"ˈin(t)-sə-dənt","type":"noun","defSound":"/data/user/0/edu.language.vocabulary_notebook/files/sounds/1632702164227_def.aac","termSound":"/data/user/0/edu.language.vocabulary_notebook/files/sounds/ˈin(t)-sə-dənt_term.aac","exampleSound":"/data/user/0/edu.language.vocabulary_notebook/files/sounds/We-just-want-to-put-that-embarrassing-incident-behind-us..aac"}